{
  "cycle_number": 30,
  "tick_number": 450,
  "energy": 0.3023779483783744,
  "energy_drift": 0.3235220516216256,
  "betti_numbers": {
    "beta_0": 1,
    "beta_1": 6,
    "beta_2": 0
  },
  "invariance_check": {
    "temporal_invariant": false,
    "mandorla_condition": false,
    "temporal_coherence": 0.9673678177767892,
    "self_similarity": 0.9816636369615004
  },
  "equilibrium_rate": 0.0,
  "current_cliv": {
    "psi_rho_omega_field": {
      "psi": 0.2216887456169552,
      "rho": 0.19659190649050745,
      "omega": 0.0,
      "chi": 0.5,
      "eta": 0.5
    },
    "topology_graph": {
      "beta_0": 1,
      "beta_1": 6,
      "beta_2": 0
    },
    "entropy_signature": 0.10350011783103463,
    "mandorla_depth": 12,
    "temporal_layer": 29,
    "is_adaptive": true,
    "is_self_stabilizing": true,
    "is_path_invariant": true,
    "is_auditable": true
  }
}