{
  "benchmarks": {
    "TIC_conversion": {
      "complexity": "O(1)",
      "target_time_ms": 1.0,
      "description": "Time-Independent Coordinate conversion benchmark"
    },
    "Domain_projection": {
      "complexity": "O(n)",
      "n": 5,
      "target_time_ms": 5.0,
      "description": "Domain projection operation benchmark"
    },
    "Rule_matrix_normalization": {
      "complexity": "O(k)",
      "k": 100,
      "target_time_ms": 50.0,
      "description": "Rule matrix normalization benchmark"
    },
    "Validation": {
      "complexity": "O(n^2)",
      "n": 5,
      "target_time_ms": 25.0,
      "description": "Validation operation benchmark"
    },
    "Throughput": {
      "target_ops_per_sec": 1000,
      "acceptance_tolerance": 0.10,
      "description": "Throughput benchmark for operator processing"
    }
  },
  "spectral_metrics": {
    "delta_phi": {
      "max_value": 0.01,
      "description": "Maximum allowed spectral phase drift"
    },
    "delta_s": {
      "max_value": 0.001,
      "description": "Maximum allowed entropy change"
    },
    "delta_sigma": {
      "max_value": 0.02,
      "description": "Maximum allowed variance change"
    },
    "entropy_decay_rate": {
      "max_value": 0.001,
      "description": "Maximum allowed entropy decay rate"
    }
  },
  "sustained_load_benchmarks": {
    "warmup_seconds": 10,
    "measurement_seconds": 60,
    "sustained_throughput": {
      "target_min_ops_per_sec": 800,
      "target_max_ops_per_sec": 1500,
      "description": "Sustained throughput range for real-world load"
    },
    "variance_threshold": {
      "max_percent": 5.0,
      "description": "Maximum allowed variance in sustained throughput"
    },
    "entropy_drift": {
      "min_value": 1e-5,
      "description": "Minimum entropy drift to ensure non-static behavior"
    }
  },
  "hilbert_polya_metrics": {
    "self_adjoint": {
      "required": true,
      "max_hermitian_deviation": 1e-12,
      "description": "HPM operator must be self-adjoint (Hermitian)"
    },
    "spectrum_symmetric": {
      "required": true,
      "description": "Eigenspectrum must be symmetric about critical line"
    },
    "alignment_score": {
      "min_value": 0.995,
      "description": "Minimum alignment with Riemann zeros"
    }
  },
  "polynomial_potential_metrics": {
    "riemann_alignment_error": {
      "max_value": 1e-6,
      "description": "Maximum alignment error with Riemann zeros"
    },
    "entropy_drift": {
      "max_value": 1e-4,
      "description": "Maximum entropy drift across potential landscape"
    }
  },
  "hypercube_topology_metrics": {
    "chern_integrality": {
      "tolerance": 0.01,
      "description": "Chern number integrality tolerance (should be integer)"
    },
    "berry_phase": {
      "tolerance": 0.02,
      "description": "Berry phase tolerance for closed loops"
    }
  },
  "integrated_validation": {
    "cross_domain_coherence": {
      "min_score": 0.98,
      "description": "Minimum coherence across HPM, polynomial, and topology"
    },
    "variance_across_resolutions": {
      "max_percent": 5.0,
      "description": "Maximum variance across different analysis resolutions"
    }
  }
}
