{
  "metadata": {
    "timestamp": "2025-11-13T06:09:41.942124984Z",
    "version": "0.1.0",
    "commit_hash": "unknown",
    "system_info": "Cross-System Comparison: Metatron QSO vs. Qiskit, Cirq, PennyLane, ProjectQ"
  },
  "metatron_qso": {
    "system_name": "Metatron QSO",
    "vqe_performance": {
      "convergence_rate": 1.0,
      "quality_score": 0.9993910774833198,
      "speed_score": 0.6329113924050632,
      "overall_score": 0.877434156629461
    },
    "qaoa_performance": {
      "convergence_rate": 1.0,
      "quality_score": 1.0,
      "speed_score": 0.9900990099009901,
      "overall_score": 0.9966996699669967
    },
    "overall_score": 0.9370669132982288,
    "execution_time_ms": 0.960046
  },
  "qiskit_baseline": {
    "system_name": "Qiskit VQA",
    "vqe_performance": {
      "convergence_rate": 0.85,
      "quality_score": 0.75,
      "speed_score": 0.65,
      "overall_score": 0.75
    },
    "qaoa_performance": {
      "convergence_rate": 0.8,
      "quality_score": 0.7,
      "speed_score": 0.7,
      "overall_score": 0.7333333333333334
    },
    "overall_score": 0.7416666666666667,
    "execution_time_ms": 1200.0
  },
  "cirq_baseline": {
    "system_name": "Google Cirq",
    "vqe_performance": {
      "convergence_rate": 0.82,
      "quality_score": 0.78,
      "speed_score": 0.72,
      "overall_score": 0.7733333333333334
    },
    "qaoa_performance": {
      "convergence_rate": 0.83,
      "quality_score": 0.72,
      "speed_score": 0.75,
      "overall_score": 0.7666666666666666
    },
    "overall_score": 0.77,
    "execution_time_ms": 1100.0
  },
  "pennylane_baseline": {
    "system_name": "PennyLane",
    "vqe_performance": {
      "convergence_rate": 0.88,
      "quality_score": 0.8,
      "speed_score": 0.68,
      "overall_score": 0.7866666666666667
    },
    "qaoa_performance": {
      "convergence_rate": 0.85,
      "quality_score": 0.75,
      "speed_score": 0.7,
      "overall_score": 0.7666666666666666
    },
    "overall_score": 0.7766666666666666,
    "execution_time_ms": 1150.0
  },
  "projectq_baseline": {
    "system_name": "ProjectQ",
    "vqe_performance": {
      "convergence_rate": 0.8,
      "quality_score": 0.73,
      "speed_score": 0.7,
      "overall_score": 0.7433333333333333
    },
    "qaoa_performance": {
      "convergence_rate": 0.78,
      "quality_score": 0.68,
      "speed_score": 0.72,
      "overall_score": 0.7266666666666666
    },
    "overall_score": 0.7349999999999999,
    "execution_time_ms": 1250.0
  },
  "comparison_metrics": {
    "metatron_rank": 1,
    "performance_advantage": 23.97798191376788,
    "quality_advantage": 35.32257715623146,
    "speed_advantage": 99.9182939574468,
    "systems_outperformed": 4
  }
}
