{
  "build": {
    "beforeDevCommand": "npm run dev",
    "beforeBuildCommand": "npm run build",
    "devPath": "http://localhost:1420",
    "distDir": "../dist",
    "withGlobalTauri": false
  },
  "package": {
    "productName": "Metatron Q⊗DASH",
    "version": "1.0.0"
  },
  "tauri": {
    "allowlist": {
      "all": false,
      "shell": {
        "all": false,
        "open": false
      }
    },
    "bundle": {
      "active": true,
      "icon": [
        "icons/32x32.png",
        "icons/128x128.png",
        "icons/128x128@2x.png",
        "icons/icon.icns",
        "icons/icon.ico"
      ],
      "identifier": "com.metatron.qdash",
      "targets": "all"
    },
    "security": {
      "csp": null
    },
    "windows": [
      {
        "fullscreen": false,
        "resizable": true,
        "title": "Metatron Q⊗DASH – Quantum Algorithm Slot Machine",
        "width": 1200,
        "height": 800,
        "minWidth": 800,
        "minHeight": 600
      }
    ]
  }
}
