[
  {
    "id": "KNO_\u03a9_test001",
    "symmetry_class": "U(1)_COHERENT",
    "stability": 0.92,
    "entropy": 0.023,
    "origin_cycle": 1,
    "semantic_state": "STABLE",
    "alpha": 1.57,
    "beta": 1.55,
    "delta_phi": 0.02,
    "psi": 0.1,
    "omega": 1.0,
    "\u0394\u03c8": 0.021647,
    "delta_psi": 0.021647
  },
  {
    "id": "KNO_\u03a9_test002",
    "symmetry_class": "SU(2)_STABLE",
    "stability": 0.78,
    "entropy": 0.145,
    "origin_cycle": 2,
    "semantic_state": "STABLE",
    "alpha": 2.1,
    "beta": 1.8,
    "delta_phi": 0.3,
    "psi": 0.25,
    "omega": 1.2,
    "\u0394\u03c8": 0.082845,
    "delta_psi": 0.082845
  },
  {
    "id": "KNO_\u03a9_test003",
    "symmetry_class": "MIXED",
    "stability": 0.55,
    "entropy": 0.389,
    "origin_cycle": 3,
    "semantic_state": "TRANSITIONAL",
    "alpha": 3.0,
    "beta": 2.4,
    "delta_phi": 0.6,
    "psi": 0.5,
    "omega": 1.5,
    "\u0394\u03c8": -0.01578,
    "delta_psi": -0.01578
  },
  {
    "id": "KNO_\u03a9_test004",
    "symmetry_class": "CHAOTIC",
    "stability": 0.23,
    "entropy": 0.821,
    "origin_cycle": 4,
    "semantic_state": "UNSTABLE",
    "alpha": 4.2,
    "beta": 3.1,
    "delta_phi": 1.1,
    "psi": 0.9,
    "omega": 2.0,
    "\u0394\u03c8": 0.075307,
    "delta_psi": 0.075307
  },
  {
    "id": "KNO_\u03a9_test005",
    "symmetry_class": "U(1)_COHERENT",
    "stability": 0.89,
    "entropy": 0.034,
    "origin_cycle": 1,
    "semantic_state": "STABLE",
    "alpha": 0.5,
    "beta": 0.48,
    "delta_phi": 0.02,
    "psi": 0.05,
    "omega": 0.8,
    "\u0394\u03c8": -0.05307,
    "delta_psi": -0.05307,
    "matrix": [
      [
        {
          "re": 0.9999,
          "im": 0.02
        },
        {
          "re": 0,
          "im": 0
        }
      ],
      [
        {
          "re": 0,
          "im": 0
        },
        {
          "re": 0.9999,
          "im": -0.02
        }
      ]
    ]
  },
  {
    "id": "KNO_\u03a9_test006",
    "symmetry_class": "SU(2)_STABLE",
    "stability": 0.82,
    "entropy": 0.112,
    "origin_cycle": 2,
    "semantic_state": "STABLE",
    "alpha": 1.2,
    "beta": 0.95,
    "delta_phi": 0.25,
    "psi": 0.18,
    "omega": 1.1,
    "\u0394\u03c8": -0.07107,
    "delta_psi": -0.07107
  },
  {
    "id": "KNO_\u03a9_test007",
    "symmetry_class": "MIXED",
    "stability": 0.61,
    "entropy": 0.456,
    "origin_cycle": 3,
    "semantic_state": "TRANSITIONAL",
    "alpha": 2.5,
    "beta": 1.9,
    "delta_phi": 0.6,
    "psi": 0.44,
    "omega": 1.6,
    "\u0394\u03c8": 0.081293,
    "delta_psi": 0.081293
  },
  {
    "id": "KNO_\u03a9_test008",
    "symmetry_class": "U(1)_COHERENT",
    "stability": 0.94,
    "entropy": 0.018,
    "origin_cycle": 1,
    "semantic_state": "STABLE",
    "alpha": 0.8,
    "beta": 0.79,
    "delta_phi": 0.01,
    "psi": 0.08,
    "omega": 0.9,
    "\u0394\u03c8": -0.008793,
    "delta_psi": -0.008793
  }
]